{
    "colors": [
        [
            1.0,
            1.0,
            1.0,
            1.0
        ],
        [
            1.0,
            1.0,
            1.0,
            1.0
        ],
        [
            1.0,
            1.0,
            1.0,
            1.0
        ],
        [
            1.0,
            1.0,
            1.0,
            1.0
        ],
        [
            1.0,
            1.0,
            1.0,
            1.0
        ],
        [
            1.0,
            1.0,
            1.0,
            1.0
        ],
        [
            1.0,
            1.0,
            1.0,
            1.0
        ],
        [
            1.0,
            1.0,
            1.0,
            1.0
        ],
        [
            1.0,
            1.0,
            1.0,
            1.0
        ],
        [
            1.0,
            1.0,
            1.0,
            1.0
        ],
        [
            1.0,
            1.0,
            1.0,
            1.0
        ],
        [
            1.0,
            1.0,
            1.0,
            1.0
        ],
        [
            1.0,
            1.0,
            1.0,
            1.0
        ],
        [
            1.0,
            1.0,
            1.0,
            1.0
        ],
        [
            1.0,
            1.0,
            1.0,
            1.0
        ],
        [
            1.0,
            1.0,
            1.0,
            1.0
        ],
        [
            1.0,
            1.0,
            1.0,
            1.0
        ],
        [
            1.0,
            1.0,
            1.0,
            1.0
        ],
        [
            1.0,
            1.0,
            1.0,
            1.0
        ],
        [
            1.0,
            1.0,
            1.0,
            1.0
        ],
        [
            1.0,
            1.0,
            1.0,
            1.0
        ],
        [
            1.0,
            1.0,
            1.0,
            1.0
        ],
        [
            1.0,
            1.0,
            1.0,
            1.0
        ],
        [
            1.0,
            1.0,
            1.0,
            1.0
        ],
        [
            1.0,
            1.0,
            1.0,
            1.0
        ],
        [
            1.0,
            1.0,
            1.0,
            1.0
        ]
    ],
    "parameters": {
        "Bias": 0.0,
        "Continuity": 0.0,
        "Tension": 0.0
    },
    "vertices": [
        [
            0.1550000011920929,
            0.26374998688697815,
            0.0
        ],
        [
            0.07625000178813934,
            0.3387500047683716,
            0.0
        ],
        [
            0.07874999940395355,
            0.4362500011920929,
            0.0
        ],
        [
            0.13500000536441803,
            0.4975000023841858,
            0.0
        ],
        [
            0.23499999940395355,
            0.5,
            0.0
        ],
        [
            0.30250000953674316,
            0.45875000953674316,
            0.0
        ],
        [
            0.2737500071525574,
            0.5237500071525574,
            0.0
        ],
        [
            0.25999999046325684,
            0.6087499856948853,
            0.0
        ],
        [
            0.32249999046325684,
            0.6887500286102295,
            0.0
        ],
        [
            0.4325000047683716,
            0.7400000095367432,
            0.0
        ],
        [
            0.5325000286102295,
            0.7475000023841858,
            0.0
        ],
        [
            0.6312500238418579,
            0.7212499976158142,
            0.0
        ],
        [
            0.6762499809265137,
            0.6412500143051147,
            0.0
        ],
        [
            0.7137500047683716,
            0.6800000071525574,
            0.0
        ],
        [
            0.7837499976158142,
            0.6875,
            0.0
        ],
        [
            0.8662499785423279,
            0.6524999737739563,
            0.0
        ],
        [
            0.90625,
            0.5874999761581421,
            0.0
        ],
        [
            0.9037500023841858,
            0.5199999809265137,
            0.0
        ],
        [
            0.8700000047683716,
            0.47874999046325684,
            0.0
        ],
        [
            0.9200000166893005,
            0.4762499928474426,
            0.0
        ],
        [
            0.9762499928474426,
            0.4362500011920929,
            0.0
        ],
        [
            0.9725000262260437,
            0.3474999964237213,
            0.0
        ],
        [
            0.8862500190734863,
            0.26499998569488525,
            0.0
        ],
        [
            0.6312500238418579,
            0.2537499964237213,
            0.0
        ],
        [
            0.3162499964237213,
            0.2549999952316284,
            0.0
        ],
        [
            0.1550000011920929,
            0.26374998688697815,
            0.0
        ]
    ]
}
